{"cameraMode":{"drawMode":0,"name":"Shaded","section":"Shading Mode"},"sceneLighting":true,"audioPlay":false,"sceneViewState":{"m_AlwaysRefresh":false,"showFog":true,"showSkybox":true,"showFlares":true,"showImageEffects":true,"showParticleSystems":true,"showVisualEffectGraphs":true,"m_FxEnabled":true},"in2DMode":false,"pivot":{"x":553.8956298828125,"y":453.9030456542969,"z":273.5338439941406},"rotation":{"x":-0.009308792650699616,"y":-0.011402430012822152,"z":0.00010555046901572496,"w":-0.9998939633369446},"size":519.1832885742188,"orthographic":false}